{"_type":"export","__export_format":4,"__export_date":"2019-12-19T09:51:51.789Z","__export_source":"insomnia.desktop.app:v7.0.6","resources":[{"_id":"req_56e01feb5148446aba49ba9f3e0d56d6","authentication":{},"body":{},"created":1567776894152,"description":"","headers":[],"isPrivate":false,"metaSortKey":-1561555034919,"method":"GET","modified":1568902819397,"name":"get-user","parameters":[],"parentId":"fld_0981772298774183a11e90b2739e5741","settingDisableRenderRequestBody":false,"settingEncodeUrl":true,"settingFollowRedirects":"global","settingRebuildPath":true,"settingSendCookies":true,"settingStoreCookies":true,"url":"http://localhost:8001/user/1","_type":"request"},{"_id":"fld_0981772298774183a11e90b2739e5741","created":1561555043337,"description":"","environment":{},"environmentPropertyOrder":null,"metaSortKey":-1561555043337,"modified":1561555043337,"name":"chat","parentId":"wrk_a6c2bb9e14f643af990c0ecb504bf1fd","_type":"request_group"},{"_id":"wrk_a6c2bb9e14f643af990c0ecb504bf1fd","created":1554797413779,"description":"","modified":1554797413779,"name":"Insomnia","parentId":null,"_type":"workspace"},{"_id":"req_6fddca5710f84425902a9b4731230ed7","authentication":{},"body":{"mimeType":"application/json","text":"{\"msg\":\"hej från stina\"}"},"created":1561971483700,"description":"","headers":[{"id":"pair_77d136fe6fc94f90af469d1b3e9cdfc2","name":"Content-Type","value":"application/json"}],"isPrivate":false,"metaSortKey":-1561555034869,"method":"POST","modified":1568902679719,"name":"createMsg","parameters":[],"parentId":"fld_0981772298774183a11e90b2739e5741","settingDisableRenderRequestBody":false,"settingEncodeUrl":true,"settingFollowRedirects":"global","settingRebuildPath":true,"settingSendCookies":true,"settingStoreCookies":true,"url":"http://localhost:8001/msg","_type":"request"},{"_id":"req_ba93ae30ee0e4e91a6317becfa83b1ec","authentication":{},"body":{},"created":1562071762348,"description":"","headers":[],"isPrivate":false,"metaSortKey":-1561555034844,"method":"DELETE","modified":1569334361128,"name":"delete-msg","parameters":[],"parentId":"fld_0981772298774183a11e90b2739e5741","settingDisableRenderRequestBody":false,"settingEncodeUrl":true,"settingFollowRedirects":"global","settingRebuildPath":true,"settingSendCookies":true,"settingStoreCookies":true,"url":"http://localhost:8001/msg/1","_type":"request"},{"_id":"req_bf5183679ff540cca4817dc7039c204a","authentication":{},"body":{},"created":1562159750379,"description":"","headers":[],"isPrivate":false,"metaSortKey":-1561555034831.5,"method":"GET","modified":1568642672108,"name":"get-all-msgs","parameters":[],"parentId":"fld_0981772298774183a11e90b2739e5741","settingDisableRenderRequestBody":false,"settingEncodeUrl":true,"settingFollowRedirects":"global","settingRebuildPath":true,"settingSendCookies":true,"settingStoreCookies":true,"url":"http://localhost:8001/msg","_type":"request"},{"_id":"req_733ec5e0c4e84de387f72bf9e01e8569","authentication":{},"body":{},"created":1561374276042,"description":"","headers":[],"isPrivate":false,"metaSortKey":-1561555034819,"method":"GET","modified":1568644365715,"name":"chat-root","parameters":[],"parentId":"fld_0981772298774183a11e90b2739e5741","settingDisableRenderRequestBody":false,"settingEncodeUrl":true,"settingFollowRedirects":"global","settingRebuildPath":true,"settingSendCookies":true,"settingStoreCookies":true,"url":"http://localhost:8001","_type":"request"},{"_id":"req_27c60fb7303747cfbb585eff207d897c","authentication":{},"body":{"mimeType":"application/json","text":"{\"username\":\"stina\"}"},"created":1561555034769,"description":"","headers":[{"id":"pair_f9a6bf57ef1b4469854b3bd2cebced36","name":"Content-Type","value":"application/json"}],"isPrivate":false,"metaSortKey":-1561555034769,"method":"POST","modified":1568723274950,"name":"login","parameters":[],"parentId":"fld_0981772298774183a11e90b2739e5741","settingDisableRenderRequestBody":false,"settingEncodeUrl":true,"settingFollowRedirects":"global","settingRebuildPath":true,"settingSendCookies":true,"settingStoreCookies":true,"url":"http://localhost:8001/user/login","_type":"request"},{"_id":"env_5558d0f1d19d47489e933b0b147d111b","color":null,"created":1554797413804,"data":{},"dataPropertyOrder":null,"isPrivate":false,"metaSortKey":1554797413804,"modified":1554797413804,"name":"New Environment","parentId":"wrk_a6c2bb9e14f643af990c0ecb504bf1fd","_type":"environment"},{"_id":"jar_5ba21f98912a4ef788423fbc83e6c8dc","cookies":[{"creation":"2019-09-24T12:54:28.134Z","domain":"id1354-chat-api.herokuapp.com","hostOnly":true,"id":"42042815577075654","key":"chatAuth","lastAccessed":"2019-09-24T14:19:18.154Z","path":"/","value":"eyJhbGciOiJIUzI1NiIsInR5cCI6IkpXVCJ9.eyJpZCI6MiwidXNlcm5hbWUiOiJuaXNzZSIsImlhdCI6MTU2OTMzNDc1OCwiZXhwIjoxNTY5MzM2NTU4fQ.N01MWF8xEz0QY-eZRHW1m4GdgJOjSssljGaglAaBLjo"},{"creation":"2019-09-24T14:12:24.752Z","domain":"localhost","hostOnly":true,"id":"3665537291273804","key":"chatAuth","lastAccessed":"2019-09-24T14:12:24.752Z","path":"/","value":"eyJhbGciOiJIUzI1NiIsInR5cCI6IkpXVCJ9.eyJpZCI6MSwidXNlcm5hbWUiOiJzdGluYSIsImlhdCI6MTU2OTMzNDM0NCwiZXhwIjoxNTY5MzM2MTQ0fQ.QYgjeu78JKHyg6fvzEFW1lSw_CkuAoJgPQV2gyWTLqA"}],"created":1554797413805,"modified":1569334758154,"name":"Default Jar","parentId":"wrk_a6c2bb9e14f643af990c0ecb504bf1fd","_type":"cookie_jar"}]}